country,flag
Abu Dhabi,http://booking.herokuapp.com/static/austria.png
Afghanistan,http://booking.herokuapp.com/static/austria.png
Albania,http://booking.herokuapp.com/static/austria.png
Algeria,http://booking.herokuapp.com/static/austria.png
Angola,http://booking.herokuapp.com/static/austria.png
Argentina,http://booking.herokuapp.com/static/austria.png
Armenia,http://booking.herokuapp.com/static/austria.png
Aruba,http://booking.herokuapp.com/static/austria.png
Australia,http://booking.herokuapp.com/static/austria.png
Austria,http://booking.herokuapp.com/static/austria.png
Azerbaijan,http://booking.herokuapp.com/static/austria.png
Bahamas,http://booking.herokuapp.com/static/austria.png
Bahrain,http://booking.herokuapp.com/static/austria.png
Bangladesh,http://booking.herokuapp.com/static/austria.png
Barbados,http://booking.herokuapp.com/static/austria.png
Belarus,http://booking.herokuapp.com/static/austria.png
Belgium,http://booking.herokuapp.com/static/austria.png
Belgium-Luxembourg,http://booking.herokuapp.com/static/austria.png
Belize,http://booking.herokuapp.com/static/austria.png
Benin,http://booking.herokuapp.com/static/austria.png
Bermuda,http://booking.herokuapp.com/static/austria.png
Bolivia,http://booking.herokuapp.com/static/austria.png
Botswana,http://booking.herokuapp.com/static/austria.png
Brazil,http://booking.herokuapp.com/static/austria.png
Brunei,http://booking.herokuapp.com/static/austria.png
Bulgaria,http://booking.herokuapp.com/static/austria.png
Burkina Faso,http://booking.herokuapp.com/static/austria.png
Burma,http://booking.herokuapp.com/static/austria.png
Burundi,http://booking.herokuapp.com/static/austria.png
Cambodia,http://booking.herokuapp.com/static/austria.png
Cameroon,http://booking.herokuapp.com/static/austria.png
Canada,http://booking.herokuapp.com/static/austria.png
Central African Republic,http://booking.herokuapp.com/static/austria.png
Chad,http://booking.herokuapp.com/static/austria.png
Chile,http://booking.herokuapp.com/static/austria.png
China,http://booking.herokuapp.com/static/austria.png
Colombia,http://booking.herokuapp.com/static/austria.png
Congo,http://booking.herokuapp.com/static/austria.png
"Congo, Democratic Republic",http://booking.herokuapp.com/static/austria.png
Costa Rica,http://booking.herokuapp.com/static/austria.png
Croatia,http://booking.herokuapp.com/static/austria.png
Cuba,http://booking.herokuapp.com/static/austria.png
Cyprus,http://booking.herokuapp.com/static/austria.png
Czech Republic,http://booking.herokuapp.com/static/austria.png
Czechoslovakia,http://booking.herokuapp.com/static/austria.png
Denmark,http://booking.herokuapp.com/static/austria.png
Dominica,http://booking.herokuapp.com/static/austria.png
Dominican Republic,http://booking.herokuapp.com/static/austria.png
Dubai,http://booking.herokuapp.com/static/austria.png
Ecuador,http://booking.herokuapp.com/static/austria.png
Egypt,http://booking.herokuapp.com/static/austria.png
El Salvador,http://booking.herokuapp.com/static/austria.png
Estonia,http://booking.herokuapp.com/static/austria.png
Ethiopia,http://booking.herokuapp.com/static/austria.png
Faeroe Islands,http://booking.herokuapp.com/static/austria.png
Fiji,http://booking.herokuapp.com/static/austria.png
Finland,http://booking.herokuapp.com/static/austria.png
France,http://booking.herokuapp.com/static/austria.png
French Guiana,http://booking.herokuapp.com/static/austria.png
Gabon,http://booking.herokuapp.com/static/austria.png
Gambia,http://booking.herokuapp.com/static/austria.png
Georgia,http://booking.herokuapp.com/static/austria.png
German Democratic Rep,http://booking.herokuapp.com/static/austria.png
German Federal Republic,http://booking.herokuapp.com/static/austria.png
Germany,http://booking.herokuapp.com/static/austria.png
Ghana,http://booking.herokuapp.com/static/austria.png
Greece,http://booking.herokuapp.com/static/austria.png
Greenland,http://booking.herokuapp.com/static/austria.png
Grenada,http://booking.herokuapp.com/static/austria.png
Guadeloupe,http://booking.herokuapp.com/static/austria.png
Guatemala,http://booking.herokuapp.com/static/austria.png
Guyana,http://booking.herokuapp.com/static/austria.png
Haiti,http://booking.herokuapp.com/static/austria.png
Honduras,http://booking.herokuapp.com/static/austria.png
Hong Kong,http://booking.herokuapp.com/static/austria.png
Hungary,http://booking.herokuapp.com/static/austria.png
Iceland,http://booking.herokuapp.com/static/austria.png
India,http://booking.herokuapp.com/static/austria.png
Indonesia,http://booking.herokuapp.com/static/austria.png
Iran,http://booking.herokuapp.com/static/austria.png
Iraq,http://booking.herokuapp.com/static/austria.png
"Ireland, Republic of",http://booking.herokuapp.com/static/austria.png
Israel,http://booking.herokuapp.com/static/austria.png
Italy,http://booking.herokuapp.com/static/austria.png
Ivory Coast,http://booking.herokuapp.com/static/austria.png
Jamaica,http://booking.herokuapp.com/static/austria.png
Japan,http://booking.herokuapp.com/static/austria.png
Jordan,http://booking.herokuapp.com/static/austria.png
Kazakhstan,http://booking.herokuapp.com/static/austria.png
Kenya,http://booking.herokuapp.com/static/austria.png
Korea (Rep. of),http://booking.herokuapp.com/static/austria.png
"Korea, Dem. P.R. of",http://booking.herokuapp.com/static/austria.png
Kuwait,http://booking.herokuapp.com/static/austria.png
Kyrgyzstan,http://booking.herokuapp.com/static/austria.png
Laos,http://booking.herokuapp.com/static/austria.png
Latvia,http://booking.herokuapp.com/static/austria.png
Lebanon,http://booking.herokuapp.com/static/austria.png
Liberia,http://booking.herokuapp.com/static/austria.png
Libya,http://booking.herokuapp.com/static/austria.png
Lithuania,http://booking.herokuapp.com/static/austria.png
Luxembourg,http://booking.herokuapp.com/static/austria.png
Macao,http://booking.herokuapp.com/static/austria.png
Macedonia,http://booking.herokuapp.com/static/austria.png
Madagascar,http://booking.herokuapp.com/static/austria.png
Malawi,http://booking.herokuapp.com/static/austria.png
Malaysia,http://booking.herokuapp.com/static/austria.png
Mali,http://booking.herokuapp.com/static/austria.png
Malta,http://booking.herokuapp.com/static/austria.png
Martinique,http://booking.herokuapp.com/static/austria.png
Mauritius,http://booking.herokuapp.com/static/austria.png
Melilla,http://booking.herokuapp.com/static/austria.png
Mexico,http://booking.herokuapp.com/static/austria.png
Moldova,http://booking.herokuapp.com/static/austria.png
Mongolia,http://booking.herokuapp.com/static/austria.png
Montenegro,http://booking.herokuapp.com/static/austria.png
Morocco,http://booking.herokuapp.com/static/austria.png
Mozambique,http://booking.herokuapp.com/static/austria.png
Namibia,http://booking.herokuapp.com/static/austria.png
Netherlands,http://booking.herokuapp.com/static/austria.png
Netherlands Antilles,http://booking.herokuapp.com/static/austria.png
New Caledonia,http://booking.herokuapp.com/static/austria.png
New Hebrides,http://booking.herokuapp.com/static/austria.png
New Zealand,http://booking.herokuapp.com/static/austria.png
Nicaragua,http://booking.herokuapp.com/static/austria.png
Niger,http://booking.herokuapp.com/static/austria.png
Nigeria,http://booking.herokuapp.com/static/austria.png
Norway,http://booking.herokuapp.com/static/austria.png
Oman,http://booking.herokuapp.com/static/austria.png
Pakistan,http://booking.herokuapp.com/static/austria.png
Panama,http://booking.herokuapp.com/static/austria.png
Papua New Guinea,http://booking.herokuapp.com/static/austria.png
Paraguay,http://booking.herokuapp.com/static/austria.png
Peru,http://booking.herokuapp.com/static/austria.png
Philippines,http://booking.herokuapp.com/static/austria.png
Poland,http://booking.herokuapp.com/static/austria.png
Portugal,http://booking.herokuapp.com/static/austria.png
Qatar,http://booking.herokuapp.com/static/austria.png
Reunion,http://booking.herokuapp.com/static/austria.png
Romania,http://booking.herokuapp.com/static/austria.png
Russia,http://booking.herokuapp.com/static/austria.png
Rwanda,http://booking.herokuapp.com/static/austria.png
Saudi Arabia,http://booking.herokuapp.com/static/austria.png
Senegal,http://booking.herokuapp.com/static/austria.png
Serbia,http://booking.herokuapp.com/static/austria.png
Serbia and Montenegro,http://booking.herokuapp.com/static/austria.png
Seychelles,http://booking.herokuapp.com/static/austria.png
Sierra Leone,http://booking.herokuapp.com/static/austria.png
Singapore,http://booking.herokuapp.com/static/austria.png
Slovakia,http://booking.herokuapp.com/static/austria.png
Slovenia,http://booking.herokuapp.com/static/austria.png
Solomon Islands,http://booking.herokuapp.com/static/austria.png
Somalia,http://booking.herokuapp.com/static/austria.png
South Africa,http://booking.herokuapp.com/static/austria.png
Soviet Union,http://booking.herokuapp.com/static/austria.png
Spain,http://booking.herokuapp.com/static/austria.png
Sri Lanka,http://booking.herokuapp.com/static/austria.png
St. Kitts - Nevis,http://booking.herokuapp.com/static/austria.png
St. Lucia,http://booking.herokuapp.com/static/austria.png
St. Pierre & Miquelon,http://booking.herokuapp.com/static/austria.png
St. Vincent & Grenadines,http://booking.herokuapp.com/static/austria.png
Sudan,http://booking.herokuapp.com/static/austria.png
Suriname,http://booking.herokuapp.com/static/austria.png
Sweden,http://booking.herokuapp.com/static/austria.png
Switzerland,http://booking.herokuapp.com/static/austria.png
Syria,http://booking.herokuapp.com/static/austria.png
Taiwan,http://booking.herokuapp.com/static/austria.png
Tajikistan,http://booking.herokuapp.com/static/austria.png
Tanzania,http://booking.herokuapp.com/static/austria.png
Thailand,http://booking.herokuapp.com/static/austria.png
The Canary Islands,http://booking.herokuapp.com/static/austria.png
Togo,http://booking.herokuapp.com/static/austria.png
Trinidad & Tobago,http://booking.herokuapp.com/static/austria.png
Tunisia,http://booking.herokuapp.com/static/austria.png
Turkey,http://booking.herokuapp.com/static/austria.png
Uganda,http://booking.herokuapp.com/static/austria.png
Ukraine,http://booking.herokuapp.com/static/austria.png
United Arab Emirates,http://booking.herokuapp.com/static/austria.png
United Kingdom,http://booking.herokuapp.com/static/austria.png
Uruguay,http://booking.herokuapp.com/static/austria.png
USA,http://booking.herokuapp.com/static/austria.png
Uzbekistan,http://booking.herokuapp.com/static/austria.png
Vanuatu,http://booking.herokuapp.com/static/austria.png
Venezuela,http://booking.herokuapp.com/static/austria.png
Vietnam,http://booking.herokuapp.com/static/austria.png
Western Samoa,http://booking.herokuapp.com/static/austria.png
Yemen (PDR),http://booking.herokuapp.com/static/austria.png
"Yemen, Republic of",http://booking.herokuapp.com/static/austria.png
Yugoslavia,http://booking.herokuapp.com/static/austria.png
Zaire,http://booking.herokuapp.com/static/austria.png
Zambia,http://booking.herokuapp.com/static/austria.png
Zimbabwe,http://booking.herokuapp.com/static/austria.png
